上位のページ,クリック数,表示回数,CTR,掲載順位
https://pixieed.jp/,147,1945,7.56%,9.22
https://pixieed.jp/projects/pixiedraw/,29,275,10.55%,11.12
https://pixieed.jp/projects/pixiee-lens/,4,147,2.72%,8.42
https://pixieed.jp/glossary/,2,329,0.61%,9.39
https://pixieed.jp/account-deletion/,1,1,100%,2
https://pixieed.jp/portfolio/,0,27,0%,4.48
https://pixieed.jp/notice/,0,14,0%,2.21
https://pixieed.jp/projects/jerin-maker/,0,14,0%,6
https://pixieed.jp/contact/,0,13,0%,2.23
https://pixieed.jp/contest/,0,12,0%,1.5
https://pixieed.jp/events/,0,4,0%,6.5
https://pixieed.jp/projects/maoitu/,0,4,0%,8.5
https://pixieed.jp/maou-war/,0,3,0%,8
https://pixieed.jp/contest/view.html?id=63,0,1,0%,7
https://pixieed.jp/projects/pixiee-lens/index.html,0,1,0%,7
https://pixieed.jp/qr/,0,1,0%,8